Portfolio,Ticker,Date,Open,High,Low,Close,Adj Close,Volume,Quantity,Market Value
Fund One,AAPL,10/19/2020,116.669998,118.709999,114.279999,115.040001,114.841873,274506600,8707.62531,1000000
Fund One,GOOGL,10/19/2020,1569.849976,1634.119995,1567.140015,1632.97998,1632.97998,6069100,612.3773789,1000000
Fund One,IBM,10/19/2020,116.660004,117.690002,112.980003,116,114.34198,21504500,8745.694276,1000000
Fund One,INTC,10/19/2020,53.139999,54.220001,47.66,48.200001,47.851948,160711200,20897.79083,1000000
Fund One,KO,10/19/2020,49.959999,51.200001,49.77,50.52,50.126961,46197900,19949.34423,1000000
Fund One,MSFT,10/19/2020,213.119995,216.919998,211.699997,216.229996,215.665375,63956000,4636.812933,1000000
Fund One,PG,10/19/2020,142.490005,144.339996,141.080002,142.380005,140.744873,14430700,7105.054548,1000000
Fund One,TSLA,10/19/2020,422.700012,445.230011,407.380005,420.630005,420.630005,106080700,2377.386273,1000000
Fund One,WMT,10/19/2020,143.839996,145.729996,142.690002,143.850006,143.326096,12332900,6977.096481,1000000
Fund One,XOM,10/19/2020,33.509998,35.080002,33.02,34.16,33.355255,87879900,29980.28347,1000000
Fund One,AAPL,10/26/2020,114.010002,117.279999,107.720001,108.860001,108.672516,684467100,8707.62531,946279.5508
Fund One,GOOGL,10/26/2020,1615,1681.319946,1508.47998,1616.109985,1616.109985,13109300,612.3773789,989669.1967
Fund One,IBM,10/26/2020,114.449997,114.900002,105.919998,111.660004,110.064018,37248500,8745.694276,962586.2522
Fund One,INTC,10/26/2020,47.849998,47.860001,43.610001,44.279999,43.960255,232935900,20897.79083,918672.2137
Fund One,KO,10/26/2020,50.34,50.509998,47.299999,48.060001,47.6861,79648600,19949.34423,951306.4237
Fund One,MSFT,10/26/2020,213.850006,216.339996,199.619995,202.470001,201.941315,193393800,4636.812933,936364.1011
Fund One,PG,10/26/2020,141.5,143.339996,134.679993,137.100006,136.278,32213300,7105.054548,968262.6237
Fund One,TSLA,10/26/2020,411.630005,430.5,379.109985,388.040009,388.040009,141543700,2377.386273,922520.9909
Fund One,WMT,10/26/2020,142.839996,143.699997,137.369995,138.75,138.244675,26182600,6977.096481,964546.4354
Fund One,XOM,10/26/2020,33.610001,33.77,31.110001,32.619999,31.851534,186634300,29980.28347,954918.0182
Fund One,AAPL,11/2/2020,109.110001,119.620003,107.32,118.690002,118.485588,609571800,8707.62531,1031728.105
Fund One,GOOGL,11/2/2020,1623.540039,1791.819946,1612.109985,1759.72998,1759.72998,10769100,612.3773789,1077618.833
Fund One,IBM,11/2/2020,112.650002,115.650002,111.160004,114.040001,112.409996,25467300,8745.694276,983103.4586
Fund One,INTC,11/2/2020,44.959999,46.380001,44.240002,45.389999,45.062241,170291300,20897.79083,941701.2866
Fund One,KO,11/2/2020,48.75,50.209999,48.240002,49.450001,49.065285,65119300,19949.34423,978820.26
Fund One,MSFT,11/2/2020,204.289993,224.360001,200.119995,223.720001,223.135818,161978000,4636.812933,1034639.047
Fund One,PG,11/2/2020,138.509995,144.070007,137.440002,143.229996,142.371246,29123000,7105.054548,1011555.469
Fund One,TSLA,11/2/2020,394,440,392.299988,429.950012,429.950012,145636400,2377.386273,1022157.257
Fund One,WMT,11/2/2020,140.589996,146.220001,139.029999,145.770004,145.239105,26772400,6977.096481,1013347.248
Fund One,XOM,11/2/2020,33.139999,34.490002,32.529999,32.779999,32.007767,177123100,29980.28347,959601.9278
Fund One,AAPL,11/9/2020,120.5,121.989998,114.129997,119.260002,119.260002,589577900,8707.62531,1038471.412
Fund One,GOOGL,11/9/2020,1795.97998,1816.890015,1716.119995,1772.26001,1772.26001,9225900,612.3773789,1085291.94
Fund One,IBM,11/9/2020,117.879997,119.739998,113.480003,116.849998,115.179832,30085400,8745.694276,1007327.597
Fund One,INTC,11/9/2020,46.639999,47.349998,44.549999,45.459999,45.459999,192969100,20897.79083,950013.5501
Fund One,KO,11/9/2020,52.5,54.299999,52.07,53.450001,53.034164,108020900,19949.34423,1057996.793
Fund One,MSFT,11/9/2020,224.440002,228.119995,209.720001,216.509995,215.944641,158095900,4636.812933,1001294.904
Fund One,PG,11/9/2020,146.149994,146.919998,137.149994,144.279999,143.414948,38171500,7105.054548,1018971.029
Fund One,TSLA,11/9/2020,439.5,452.5,396.029999,408.5,408.5,122101100,2377.386273,971162.2926
Fund One,WMT,11/9/2020,148,150.940002,143.479996,150.539993,149.99173,32502000,6977.096481,1046506.772
Fund One,XOM,11/9/2020,36.419998,38.009998,34.869999,36.080002,35.230026,220234500,29980.28347,1056206.166
Fund One,AAPL,11/16/2020,118.919998,120.989998,116.809998,117.339996,117.339996,389493400,8707.62531,1021752.719
Fund One,GOOGL,11/16/2020,1764.140015,1794.339966,1730.02002,1736.380005,1736.380005,5734500,612.3773789,1063319.836
Fund One,IBM,11/16/2020,118.300003,118.879997,115.889999,116.940002,116.940002,22498600,8745.694276,1022721.506
Fund One,INTC,11/16/2020,46.040001,46.75,44.700001,45.389999,45.389999,153895000,20897.79083,948550.7048
Fund One,KO,11/16/2020,54.5,54.619999,51.950001,52.669998,52.260231,77269900,19949.34423,1042557.338
Fund One,MSFT,11/16/2020,214.869995,217.740005,209.929993,210.389999,209.840622,125102000,4636.812933,972991.71
Fund One,PG,11/16/2020,144.779999,144.779999,138.449997,139.300003,138.464813,30481500,7105.054548,983800.0493
Fund One,TSLA,11/16/2020,408.929993,508.609985,404.089996,489.609985,489.609985,261353500,2377.386273,1163992.058
Fund One,WMT,11/16/2020,150.529999,153.399994,149.050003,150.240005,149.692825,47578900,6977.096481,1044421.282
Fund One,XOM,11/16/2020,37.59,39.130001,36.560001,36.939999,36.939999,141491300,29980.28347,1107471.641
Fund One,AAPL,11/23/2020,117.18,117.620003,112.589996,116.589996,116.589996,365024000,8707.62531,1015222
Fund One,GOOGL,11/23/2020,1740.219971,1797.01001,1710.180054,1787.02002,1787.02002,4245200,612.3773789,1094330.636
Fund One,IBM,11/23/2020,117.43,125.309998,117.269997,124.349998,124.349998,19630000,8745.694276,1087527.066
Fund One,INTC,11/23/2020,45.48,48.099998,45.450001,47.450001,47.450001,113439100,20897.79083,991600.1957
Fund One,KO,11/23/2020,52.950001,53.59,52.200001,52.700001,52.290001,45713600,19949.34423,1043151.23
Fund One,MSFT,11/23/2020,210.949997,216.270004,208.160004,215.229996,215.229996,95188300,4636.812933,997981.229
Fund One,PG,11/23/2020,139.320007,139.949997,137.529999,138.610001,137.778946,24535900,7105.054548,978926.9269
Fund One,TSLA,11/23/2020,503.5,598.780029,501.790009,585.76001,585.76001,190400100,2377.386273,1392577.807
Fund One,WMT,11/23/2020,150.369995,152.720001,149.369995,151.600006,151.047882,20181700,6977.096481,1053875.646
Fund One,XOM,11/23/2020,37.5,42.080002,37.279999,40.189999,40.189999,119497000,29980.28347,1204907.563
Fund One,AAPL,11/30/2020,116.970001,123.779999,116.809998,122.25,122.25,543809200,8707.62531,1064507.194
Fund One,GOOGL,11/30/2020,1775.650024,1843.829956,1747.839966,1823.76001,1823.76001,7223800,612.3773789,1116829.375
Fund One,IBM,11/30/2020,124.099998,127.379997,122.410004,127.199997,127.199997,25061800,8745.694276,1112452.286
Fund One,INTC,11/30/2020,47.419998,52.650002,47.27,51.990002,51.990002,227893300,20897.79083,1086476.187
Fund One,KO,11/30/2020,52.09,53.869999,51.080002,53.849998,53.431049,112527300,19949.34423,1065914.389
Fund One,MSFT,11/30/2020,214.100006,217.320007,210.839996,214.360001,214.360001,137507500,4636.812933,993947.225
Fund One,PG,11/30/2020,138,139.940002,135.539993,137.470001,136.645782,41132800,7105.054548,970875.7348
Fund One,TSLA,11/30/2020,602.210022,607.799988,541.210022,599.039978,599.039978,223114900,2377.386273,1424149.421
Fund One,WMT,11/30/2020,151.600006,153.660004,147.580002,148.910004,148.367676,41933000,6977.096481,1035175.59
Fund One,XOM,11/30/2020,39.799999,41.759998,37.970001,41.68,41.68,163249400,29980.28347,1249578.215
Fund One,AAPL,12/7/2020,122.309998,125.949997,120.150002,122.410004,122.410004,452278700,8707.62531,1065900.449
Fund One,GOOGL,12/7/2020,1815.550049,1829.290039,1733.530029,1774.800049,1774.800049,6063400,612.3773789,1086847.402
Fund One,IBM,12/7/2020,126.489998,127.690002,123.610001,124.269997,124.269997,29511600,8745.694276,1086827.401
Fund One,INTC,12/7/2020,51,51.290001,49.119999,49.73,49.73,177170000,20897.79083,1039247.138
Fund One,KO,12/7/2020,53.759998,53.779999,52.700001,53.349998,53.349998,62940500,19949.34423,1064297.475
Fund One,MSFT,12/7/2020,214.369995,216.949997,209.110001,213.259995,213.259995,138057400,4636.812933,988846.7029
Fund One,PG,12/7/2020,136.610001,138.779999,134.199997,136.509995,135.691528,33533400,7105.054548,964095.7081
Fund One,TSLA,12/7/2020,604.919983,654.320007,566.340027,609.98999,609.98999,305424100,2377.386273,1450181.829
Fund One,WMT,12/7/2020,148.460007,150,145.940002,147,146.46463,32282800,6977.096481,1021897.855
Fund One,XOM,12/7/2020,41.419998,44.470001,40.439999,43.799999,43.799999,158835500,29980.28347,1313136.386
Fund One,AAPL,12/14/2020,122.599998,129.580002,121.540001,126.660004,126.660004,621866700,8707.62531,1102907.857
Fund One,GOOGL,12/14/2020,1770.719971,1789.800049,1715,1726.219971,1726.219971,9961400,612.3773789,1057098.061
Fund One,IBM,12/14/2020,125.32,126.57,123.440002,125.849998,125.849998,25280500,8745.694276,1100645.607
Fund One,INTC,12/14/2020,49.82,51.459999,47.110001,47.459999,47.459999,232957800,20897.79083,991809.1318
Fund One,KO,12/14/2020,53.650002,54.220001,52.619999,53.740002,53.740002,102323500,19949.34423,1072077.799
Fund One,MSFT,12/14/2020,213.100006,220.889999,212.240005,218.589996,218.589996,186710500,4636.812933,1013560.92
Fund One,PG,12/14/2020,137.020004,140.070007,135.770004,139.039993,138.20636,44660100,7105.054548,981963.7267
Fund One,TSLA,12/14/2020,619,695,605,695,695,417756300,2377.386273,1652283.46
Fund One,WMT,12/14/2020,147.699997,147.720001,144.860001,145.949997,145.949997,51565700,6977.096481,1018307.21
Fund One,XOM,12/14/2020,44.34,44.459999,42.060001,42.73,42.73,159909100,29980.28347,1281057.513
Fund One,AAPL,12/21/2020,125.019997,134.410004,123.449997,131.970001,131.970001,433310200,8707.62531,1149145.321
Fund One,GOOGL,12/21/2020,1709.130005,1744.109985,1694,1734.160034,1734.160034,4331500,612.3773789,1061960.376
Fund One,IBM,12/21/2020,123.970001,125.209999,121.720001,124.690002,124.690002,14906800,8745.694276,1090500.637
Fund One,INTC,12/21/2020,46.32,47.09,45.240002,47.07,47.07,120376700,20897.79083,983659.0143
Fund One,KO,12/21/2020,52.68,53.549999,51.98,53.439999,53.439999,34921900,19949.34423,1066092.935
Fund One,MSFT,12/21/2020,217.550003,225.630005,217.279999,222.75,222.75,89044300,4636.812933,1032850.081
Fund One,PG,12/21/2020,137.960007,138.429993,136.130005,137.720001,136.894287,20347900,7105.054548,972641.3764
Fund One,TSLA,12/21/2020,666.23999,668.5,614.22998,661.77002,661.77002,165799900,2377.386273,1573282.962
Fund One,WMT,12/21/2020,145.5,146.669998,142.300003,143.5,143.5,30879100,6977.096481,1001213.345
Fund One,XOM,12/21/2020,41.110001,42.389999,40.529999,41.599998,41.599998,76787300,29980.28347,1247179.732
Fund One,AAPL,12/28/2020,133.990005,138.789993,131.720001,132.690002,132.690002,440976000,8707.62531,1155414.82
Fund One,GOOGL,12/28/2020,1744.910034,1788.469971,1728,1752.640015,1752.640015,4473000,612.3773789,1073277.099
Fund One,IBM,12/28/2020,125.099998,126.599998,123.239998,125.879997,125.879997,14056900,8745.694276,1100907.969
Fund One,INTC,12/28/2020,47.189999,50.669998,46.490002,49.82,49.82,171751500,20897.79083,1041127.939
Fund One,KO,12/28/2020,53.849998,54.93,53.73,54.84,54.84,33977500,19949.34423,1094022.037
Fund One,MSFT,12/28/2020,224.449997,227.179993,219.679993,222.419998,222.419998,76535900,4636.812933,1031319.923
Fund One,PG,12/28/2020,138.149994,139.940002,137.389999,139.139999,138.305771,16189100,7105.054548,982670.0472
Fund One,TSLA,12/28/2020,674.51001,718.719971,655,705.669983,705.669983,147606300,2377.386273,1677650.131
Fund One,WMT,12/28/2020,144.039993,145.850006,142.850006,144.149994,144.149994,24611700,6977.096481,1005748.416
Fund One,XOM,12/28/2020,41.689999,42.549999,40.970001,41.220001,41.220001,90741800,29980.28347,1235787.314
Fund One,AAPL,1/4/2021,133.520004,133.610001,126.379997,132.050003,132.050003,610791200,8707.62531,1149841.948
Fund One,GOOGL,1/4/2021,1760,1799.359985,1696.099976,1797.829956,1797.829956,9084600,612.3773789,1100950.396
Fund One,IBM,1/4/2021,125.849998,131.880005,123.040001,128.529999,128.529999,28434100,8745.694276,1124084.077
Fund One,INTC,1/4/2021,49.889999,52.689999,49.330002,51.650002,51.650002,174496400,20897.79083,1079370.938
Fund One,KO,1/4/2021,54.27,54.630001,49.52,51.080002,51.080002,167559100,19949.34423,1019012.543
Fund One,MSFT,1/4/2021,222.529999,223,211.940002,219.619995,219.619995,147534500,4636.812933,1018336.833
Fund One,PG,1/4/2021,139.660004,141.039993,136.270004,138.789993,137.957855,40569200,7105.054548,980198.0851
Fund One,TSLA,1/4/2021,719.460022,884.48999,717.190002,880.02002,880.02002,252137800,2377.386273,2092147.516
Fund One,WMT,1/4/2021,144.300003,148.100006,144.279999,146.630005,146.630005,41871800,6977.096481,1023051.692
Fund One,XOM,1/4/2021,41.450001,45.82,41,45.459999,45.459999,166440900,29980.28347,1362903.656
Fund One,AAPL,1/11/2021,129.190002,131.449997,126.860001,127.139999,127.139999,483029100,8707.62531,1107087.473
Fund One,GOOGL,1/11/2021,1777.02002,1784.380005,1711.709961,1727.619995,1727.619995,7421400,612.3773789,1057955.404
Fund One,IBM,1/11/2021,127.949997,130.160004,126.459999,128.389999,128.389999,29438100,8745.694276,1122859.679
Fund One,INTC,1/11/2021,51.290001,60.25,51.25,57.580002,57.580002,321834200,20897.79083,1203294.838
Fund One,KO,1/11/2021,50.619999,50.860001,48.529999,48.700001,48.700001,115383800,19949.34423,971533.0838
Fund One,MSFT,1/11/2021,218.470001,218.910004,212.029999,212.649994,212.649994,127610700,4636.812933,986018.2424
Fund One,PG,1/11/2021,138.75,139.440002,134.660004,134.779999,133.971909,33582600,7105.054548,951877.7213
Fund One,TSLA,1/11/2021,849.400024,868,803.619995,826.159973,826.159973,209181200,2377.386273,1964101.379
Fund One,WMT,1/11/2021,146,149.929993,143.669998,144.639999,144.639999,41575900,6977.096481,1009167.228
Fund One,XOM,1/11/2021,45.040001,51.080002,44.75,47.889999,47.889999,182092400,29980.28347,1435755.745
Fund One,AAPL,1/18/2021,127.779999,132.490005,126.940002,132.029999,132.029999,195076800,8707.62531,1149667.761
Fund One,GOOGL,1/18/2021,1743,1899.719971,1732.829956,1880.069946,1880.069946,5290600,612.3773789,1151312.306
Fund One,IBM,1/18/2021,129.279999,131.059998,128.089996,130.080002,130.080002,10996700,8745.694276,1137639.929
Fund One,INTC,1/18/2021,57.939999,59.220001,57.099998,58.669998,58.669998,64348400,20897.79083,1226073.346
Fund One,KO,1/18/2021,48.740002,49.040001,48.240002,48.68,48.68,52230300,19949.34423,971134.0769
Fund One,MSFT,1/18/2021,213.75,225.789993,212.630005,224.339996,224.339996,68258200,4636.812933,1040222.595
Fund One,PG,1/18/2021,135.699997,136.360001,131.259995,131.929993,131.138992,21691500,7105.054548,931749.6915
Fund One,TSLA,1/18/2021,837.799988,859.5,833,850.450012,850.450012,51032900,2377.386273,2021848.185
Fund One,WMT,1/18/2021,144.639999,145.660004,142.669998,145.509995,145.509995,15966400,6977.096481,1015237.274
Fund One,XOM,1/18/2021,48.450001,49.740002,48.349998,49.529999,49.529999,47275000,29980.28347,1484923.41
Fund Two,AMZN,10/19/2020,3212.5,3233.879883,3121.939941,3204.399902,3204.399902,12271400,312.0709121,1000000
Fund Two,FB,10/19/2020,279.559998,285.23999,275.040009,284.790009,284.790009,63253800,3511.359136,1000000
Fund Two,GOOG,10/19/2020,1573.329956,1642.359985,1571.630005,1641,1641,5377700,609.3845216,1000000
Fund Two,JNJ,10/19/2020,144.119995,147.470001,143.839996,145.240005,144.237732,14655400,6932.998641,1000000
Fund Two,MRK,10/19/2020,78.260002,80.620003,78.029999,79.830002,79.204529,22018300,12625.54064,1000000
Fund Two,NFLX,10/19/2020,501.029999,506.850006,481.350006,488.279999,488.279999,29331500,2048.005247,1000000
Fund Two,PFE,10/19/2020,35.436432,36.318787,35.132828,36.223907,35.855167,68786400,27889.98305,1000000
Fund Two,PG,10/19/2020,142.490005,144.339996,141.080002,142.380005,140.744873,14430700,7105.054548,1000000
Fund Two,TSLA,10/19/2020,422.700012,445.230011,407.380005,420.630005,420.630005,106080700,2377.386273,1000000
Fund Two,XOM,10/19/2020,33.509998,35.080002,33.02,34.16,33.355255,87879900,29980.28347,1000000
Fund Two,AMZN,10/26/2020,3198.73999,3291.659912,3019,3036.149902,3036.149902,30763400,312.0709121,947494.069
Fund Two,FB,10/26/2020,283.160004,285.230011,259.100006,263.109985,263.109985,140347800,3511.359136,923873.6497
Fund Two,GOOG,10/26/2020,1625.01001,1687,1514.619995,1621.01001,1621.01001,11248500,609.3845216,987818.4095
Fund Two,JNJ,10/26/2020,144.429993,144.770004,133.649994,137.110001,136.163834,34815200,6932.998641,944023.6761
Fund Two,MRK,10/26/2020,79.330002,80.230003,73.940002,75.209999,74.62072,48440100,12625.54064,942126.9332
Fund Two,NFLX,10/26/2020,487.029999,513.900024,472.209991,475.73999,475.73999,34734600,2048.005247,974317.9958
Fund Two,PFE,10/26/2020,35.92979,36.166985,32.827324,33.662239,33.319576,157668500,27889.98305,929282.41
Fund Two,PG,10/26/2020,141.5,143.339996,134.679993,137.100006,136.278,32213300,7105.054548,968262.6237
Fund Two,TSLA,10/26/2020,411.630005,430.5,379.109985,388.040009,388.040009,141543700,2377.386273,922520.9909
Fund Two,XOM,10/26/2020,33.610001,33.77,31.110001,32.619999,31.851534,186634300,29980.28347,954918.0182
Fund Two,AMZN,11/2/2020,3061.73999,3366.800049,2950.120117,3311.370117,3311.370117,29430900,312.0709121,1033382.293
Fund Two,FB,11/2/2020,264.600006,297.380005,257.339996,293.410004,293.410004,118206600,3511.359136,1030267.898
Fund Two,GOOG,11/2/2020,1628.160034,1793.640015,1616.030029,1761.75,1761.75,11494700,609.3845216,1073583.181
Fund Two,JNJ,11/2/2020,138.979996,143.190002,137.490005,142.25,141.268356,37673200,6932.998641,979413.3202
Fund Two,MRK,11/2/2020,76.449997,82.900002,75.639999,80.360001,79.73037,44650000,12625.54064,1006639.027
Fund Two,NFLX,11/2/2020,478.869995,518.72998,475,514.72998,514.72998,22844800,2048.005247,1054169.7
Fund Two,PFE,11/2/2020,34.089184,36.166985,33.719166,34.535103,34.183556,141735500,27889.98305,953378.7975
Fund Two,PG,11/2/2020,138.509995,144.070007,137.440002,143.229996,142.371246,29123000,7105.054548,1011555.469
Fund Two,TSLA,11/2/2020,394,440,392.299988,429.950012,429.950012,145636400,2377.386273,1022157.257
Fund Two,XOM,11/2/2020,33.139999,34.490002,32.529999,32.779999,32.007767,177123100,29980.28347,959601.9278
Fund Two,AMZN,11/9/2020,3231.030029,3289,3019.47998,3128.810059,3128.810059,26266500,312.0709121,976410.6088
Fund Two,FB,11/9/2020,289.869995,292.579987,264,276.950012,276.950012,92433100,3511.359136,972470.9549
Fund Two,GOOG,11/9/2020,1790.900024,1818.060059,1717.300049,1777.02002,1777.02002,8915800,609.3845216,1082888.495
Fund Two,JNJ,11/9/2020,148.429993,150.410004,144.919998,149.899994,148.86557,36724300,6932.998641,1032084.795
Fund Two,MRK,11/9/2020,84.779999,85.169998,79.029999,81.089996,80.454651,38815500,12625.54064,1015783.466
Fund Two,NFLX,11/9/2020,485.540009,496.519989,463.410004,482.839996,482.839996,32252700,2048.005247,988858.8453
Fund Two,PFE,11/9/2020,39.71537,39.838711,35.332069,36.641365,36.641365,456170100,27889.98305,1021927.049
Fund Two,PG,11/9/2020,146.149994,146.919998,137.149994,144.279999,143.414948,38171500,7105.054548,1018971.029
Fund Two,TSLA,11/9/2020,439.5,452.5,396.029999,408.5,408.5,122101100,2377.386273,971162.2926
Fund Two,XOM,11/9/2020,36.419998,38.009998,34.869999,36.080002,35.230026,220234500,29980.28347,1056206.166
Fund Two,AMZN,11/16/2020,3093.199951,3189.25,3072.689941,3099.399902,3099.399902,16554900,312.0709121,967232.5542
Fund Two,FB,11/16/2020,275.049988,279.410004,269.190002,269.700012,269.700012,71242000,3511.359136,947013.6012
Fund Two,GOOG,11/16/2020,1771.699951,1799.069946,1737.005005,1742.189941,1742.189941,7130800,609.3845216,1061663.584
Fund Two,JNJ,11/16/2020,150.919998,151.300003,145.589996,146.360001,145.350006,34567700,6932.998641,1007711.394
Fund Two,MRK,11/16/2020,81.230003,81.970001,79.330002,80.449997,79.819664,41167300,12625.54064,1007766.412
Fund Two,NFLX,11/16/2020,480,494.76001,477.299988,488.23999,488.23999,17789000,2048.005247,999918.0614
Fund Two,PFE,11/16/2020,35.920303,37.419998,34.962048,36.700001,36.700001,285379400,27889.98305,1023562.406
Fund Two,PG,11/16/2020,144.779999,144.779999,138.449997,139.300003,138.464813,30481500,7105.054548,983800.0493
Fund Two,TSLA,11/16/2020,408.929993,508.609985,404.089996,489.609985,489.609985,261353500,2377.386273,1163992.058
Fund Two,XOM,11/16/2020,37.59,39.130001,36.560001,36.939999,36.939999,141491300,29980.28347,1107471.641
Fund Two,AMZN,11/23/2020,3116.699951,3216.189941,3065.459961,3195.340088,3195.340088,14494300,312.0709121,997172.6956
Fund Two,FB,11/23/2020,270.890015,280.179993,264.529999,277.809998,277.809998,58196600,3511.359136,975490.6746
Fund Two,GOOG,11/23/2020,1749.599976,1804,1717.719971,1793.189941,1793.189941,5670300,609.3845216,1092742.194
Fund Two,JNJ,11/23/2020,146.009995,146.009995,142.860001,144,143.006287,29006700,6932.998641,991462.3935
Fund Two,MRK,11/23/2020,80.610001,81.160004,79.379997,79.860001,79.234291,32402200,12625.54064,1000375.761
Fund Two,NFLX,11/23/2020,490.459991,493.25,475.839996,491.359985,491.359985,15371500,2048.005247,1006307.827
Fund Two,PFE,11/23/2020,37.029999,37.259998,36.02,37.23,37.23,138391200,27889.98305,1038344.069
Fund Two,PG,11/23/2020,139.320007,139.949997,137.529999,138.610001,137.778946,24535900,7105.054548,978926.9269
Fund Two,TSLA,11/23/2020,503.5,598.780029,501.790009,585.76001,585.76001,190400100,2377.386273,1392577.807
Fund Two,XOM,11/23/2020,37.5,42.080002,37.279999,40.189999,40.189999,119497000,29980.28347,1204907.563
Fund Two,AMZN,11/30/2020,3208.47998,3248.949951,3125.550049,3162.580078,3162.580078,17543200,312.0709121,986949.2494
Fund Two,FB,11/30/2020,276.029999,291.779999,271.01001,279.700012,279.700012,78634800,3511.359136,982127.1925
Fund Two,GOOG,11/30/2020,1781.18396,1847.199951,1755,1827.98999,1827.98999,7390300,609.3845216,1113948.806
Fund Two,JNJ,11/30/2020,144.229996,150.309998,143.059998,150.270004,150.270004,47207600,6932.998641,1041821.734
Fund Two,MRK,11/30/2020,80,82.739998,79.410004,81.940002,81.297997,45392700,12625.54064,1026431.165
Fund Two,NFLX,11/30/2020,490.079987,509.470001,481.269989,498.309998,498.309998,18114800,2048.005247,1020541.491
Fund Two,PFE,11/30/2020,37.950001,41.41,37.599998,40.34,40.34,326372400,27889.98305,1125081.916
Fund Two,PG,11/30/2020,138,139.940002,135.539993,137.470001,136.645782,41132800,7105.054548,970875.7348
Fund Two,TSLA,11/30/2020,602.210022,607.799988,541.210022,599.039978,599.039978,223114900,2377.386273,1424149.421
Fund Two,XOM,11/30/2020,39.799999,41.759998,37.970001,41.68,41.68,163249400,29980.28347,1249578.215
Fund Two,AMZN,12/7/2020,3156.47998,3184.129883,3072.820068,3116.419922,3116.419922,16233300,312.0709121,972544.0074
Fund Two,FB,12/7/2020,279.190002,288.48999,270.25,273.549988,273.549988,83401600,3511.359136,960532.2496
Fund Two,GOOG,12/7/2020,1819,1834.27002,1740.319946,1781.77002,1781.77002,6508300,609.3845216,1085783.071
Fund Two,JNJ,12/7/2020,149.350006,153.5,148.509995,152.949997,152.949997,36784900,6932.998641,1060402.121
Fund Two,MRK,12/7/2020,82.059998,83.940002,82.050003,82.959999,82.309998,38159200,12625.54064,1039208.225
Fund Two,NFLX,12/7/2020,500.01001,521.48999,491.290009,503.220001,503.220001,18926200,2048.005247,1030597.202
Fund Two,PFE,12/7/2020,40.66,43.080002,40.369999,41.119999,41.119999,339897700,27889.98305,1146836.075
Fund Two,PG,12/7/2020,136.610001,138.779999,134.199997,136.509995,135.691528,33533400,7105.054548,964095.7081
Fund Two,TSLA,12/7/2020,604.919983,654.320007,566.340027,609.98999,609.98999,305424100,2377.386273,1450181.829
Fund Two,XOM,12/7/2020,41.419998,44.470001,40.439999,43.799999,43.799999,158835500,29980.28347,1313136.386
Fund Two,AMZN,12/14/2020,3143,3263.51001,3126,3201.649902,3201.649902,21377100,312.0709121,999141.805
Fund Two,FB,12/14/2020,273.369995,280.440002,267.470001,276.399994,276.399994,99312400,3511.359136,970539.6442
Fund Two,GOOG,12/14/2020,1775,1797.390015,1720.219971,1731.01001,1731.01001,10237100,609.3845216,1054850.707
Fund Two,JNJ,12/14/2020,153.25,155.100006,148.990005,154.509995,154.509995,51705600,6932.998641,1071217.585
Fund Two,MRK,12/14/2020,82.629997,83.080002,78.449997,79.529999,78.906876,74033900,12625.54064,996241.97
Fund Two,NFLX,12/14/2020,505.440002,536.369995,501.179993,534.450012,534.450012,20547100,2048.005247,1094556.429
Fund Two,PFE,12/14/2020,41.619999,41.66,37.310001,37.68,37.68,329623900,27889.98305,1050894.561
Fund Two,PG,12/14/2020,137.020004,140.070007,135.770004,139.039993,138.20636,44660100,7105.054548,981963.7267
Fund Two,TSLA,12/14/2020,619,695,605,695,695,417756300,2377.386273,1652283.46
Fund Two,XOM,12/14/2020,44.34,44.459999,42.060001,42.73,42.73,159909100,29980.28347,1281057.513
Fund Two,AMZN,12/21/2020,3200.01001,3226.969971,3166,3172.689941,3172.689941,9751900,312.0709121,990104.2435
Fund Two,FB,12/21/2020,272.980011,274.670013,264.630005,267.399994,267.399994,54897600,3511.359136,938937.412
Fund Two,GOOG,12/21/2020,1713.51001,1747.98999,1699,1738.849976,1738.849976,4145700,609.3845216,1059628.261
Fund Two,JNJ,12/21/2020,152.009995,153.899994,150.050003,152.470001,152.470001,19315100,6932.998641,1057074.31
Fund Two,MRK,12/21/2020,78.800003,80.43,77.739998,80.139999,80.139999,27869000,12625.54064,1011810.815
Fund Two,NFLX,12/21/2020,530.049988,532.619995,512.210022,513.969971,513.969971,9337800,2048.005247,1052613.197
Fund Two,PFE,12/21/2020,37.279999,37.650002,36.599998,37.27,37.27,125498300,27889.98305,1039459.668
Fund Two,PG,12/21/2020,137.960007,138.429993,136.130005,137.720001,136.894287,20347900,7105.054548,972641.3764
Fund Two,TSLA,12/21/2020,666.23999,668.5,614.22998,661.77002,661.77002,165799900,2377.386273,1573282.962
Fund Two,XOM,12/21/2020,41.110001,42.389999,40.529999,41.599998,41.599998,76787300,29980.28347,1247179.732
Fund Two,AMZN,12/28/2020,3194,3350.649902,3172.689941,3256.929932,3256.929932,16723100,312.0709121,1016393.094
Fund Two,FB,12/28/2020,268.73999,280.51001,265.660004,273.160004,273.160004,64379400,3511.359136,959162.8757
Fund Two,GOOG,12/28/2020,1751.63501,1792.439941,1725.599976,1751.880005,1751.880005,5010400,609.3845216,1067568.559
Fund Two,JNJ,12/28/2020,153.320007,157.660004,152.300003,157.380005,157.380005,19578900,6932.998641,1091115.361
Fund Two,MRK,12/28/2020,80.650002,81.940002,80.129997,81.800003,81.800003,20949500,12625.54064,1032769.262
Fund Two,NFLX,12/28/2020,516.429993,545.5,507.130005,540.72998,540.72998,14179400,2048.005247,1107417.836
Fund Two,PFE,12/28/2020,37.360001,37.580002,36.290001,36.810001,36.810001,105791200,27889.98305,1026630.304
Fund Two,PG,12/28/2020,138.149994,139.940002,137.389999,139.139999,138.305771,16189100,7105.054548,982670.0472
Fund Two,TSLA,12/28/2020,674.51001,718.719971,655,705.669983,705.669983,147606300,2377.386273,1677650.131
Fund Two,XOM,12/28/2020,41.689999,42.549999,40.970001,41.220001,41.220001,90741800,29980.28347,1235787.314
Fund Two,AMZN,1/4/2021,3270,3272,3131.159912,3182.699951,3182.699951,18513900,312.0709121,993228.0765
Fund Two,FB,1/4/2021,274.779999,275,260.01001,267.570007,267.570007,83649900,3511.359136,939534.3887
Fund Two,GOOG,1/4/2021,1757.540039,1809.839966,1699,1807.209961,1807.209961,9964900,609.3845216,1101285.778
Fund Two,JNJ,1/4/2021,157.240005,161.100006,154.130005,160.039993,160.039993,45574400,6932.998641,1109557.054
Fund Two,MRK,1/4/2021,82,84.370003,79.879997,83.029999,83.029999,49610300,12625.54064,1048298.627
Fund Two,NFLX,1/4/2021,539,540.799988,499.5,510.399994,510.399994,19584800,2048.005247,1045301.866
Fund Two,PFE,1/4/2021,36.869999,37.529999,36.27,37.130001,37.130001,159709500,27889.98305,1035555.099
Fund Two,PG,1/4/2021,139.660004,141.039993,136.270004,138.789993,137.957855,40569200,7105.054548,980198.0851
Fund Two,TSLA,1/4/2021,719.460022,884.48999,717.190002,880.02002,880.02002,252137800,2377.386273,2092147.516
Fund Two,XOM,1/4/2021,41.450001,45.82,41,45.459999,45.459999,166440900,29980.28347,1362903.656
Fund Two,AMZN,1/11/2021,3148.01001,3189.949951,3086,3104.25,3104.25,17834100,312.0709121,968746.1287
Fund Two,FB,1/11/2021,260.480011,263.470001,244.610001,251.360001,251.360001,131073400,3511.359136,882615.236
Fund Two,GOOG,1/11/2021,1786.069946,1794.314941,1721.550049,1736.189941,1736.189941,6183200,609.3845216,1058007.277
Fund Two,JNJ,1/11/2021,160.559998,161.949997,156.75,160.300003,160.300003,38276100,6932.998641,1111359.703
Fund Two,MRK,1/11/2021,83.5,85.599998,81.559998,83.379997,83.379997,52749600,12625.54064,1052717.541
Fund Two,NFLX,1/11/2021,507.839996,514.5,485.670013,497.980011,497.980011,24908400,2048.005247,1019865.675
Fund Two,PFE,1/11/2021,37.220001,37.830002,36.400002,36.700001,36.700001,190745400,27889.98305,1023562.406
Fund Two,PG,1/11/2021,138.75,139.440002,134.660004,134.779999,133.971909,33582600,7105.054548,951877.7213
Fund Two,TSLA,1/11/2021,849.400024,868,803.619995,826.159973,826.159973,209181200,2377.386273,1964101.379
Fund Two,XOM,1/11/2021,45.040001,51.080002,44.75,47.889999,47.889999,182092400,29980.28347,1435755.745
Fund Two,AMZN,1/18/2021,3107,3279.800049,3096,3263.379883,3263.379883,8614900,312.0709121,1018405.936
Fund Two,FB,1/18/2021,256.899994,270.320007,252.720001,267.480011,267.480011,53228400,3511.359136,939218.3804
Fund Two,GOOG,1/18/2021,1752.25,1903.709961,1741.459961,1886.900024,1886.900024,4224900,609.3845216,1149847.668
Fund Two,JNJ,1/18/2021,162,164.139999,161.100006,162.380005,162.380005,15897500,6932.998641,1125780.354
Fund Two,MRK,1/18/2021,83.57,83.900002,82.269997,82.459999,82.459999,18669100,12625.54064,1041102.069
Fund Two,NFLX,1/18/2021,501,593.289978,493.540009,586.340027,586.340027,44953300,2048.005247,1200827.452
Fund Two,PFE,1/18/2021,36.759998,37,36.459999,36.5,36.5,68851400,27889.98305,1017984.381
Fund Two,PG,1/18/2021,135.699997,136.360001,131.259995,131.929993,131.138992,21691500,7105.054548,931749.6915
Fund Two,TSLA,1/18/2021,837.799988,859.5,833,850.450012,850.450012,51032900,2377.386273,2021848.185
Fund Two,XOM,1/18/2021,48.450001,49.740002,48.349998,49.529999,49.529999,47275000,29980.28347,1484923.41
